,ISIC 01T03,ISIC 05,ISIC 06,ISIC 07T08,ISIC 09,ISIC 10T12,ISIC 13T15,ISIC 16,ISIC 17T18,ISIC 19,ISIC 20,ISIC 21,ISIC 22,ISIC 231,ISIC 239,ISIC 241,ISIC 242,ISIC 25,ISIC 26,ISIC 27,ISIC 28,ISIC 29,ISIC 30,ISIC 31T33,ISIC 351,ISIC 352T353,ISIC 36T39,ISIC 41T43,ISIC 45T47,ISIC 49T53,ISIC 55T56,ISIC 58T60,ISIC 61,ISIC 62T63,ISIC 64T66,ISIC 68,ISIC 69T82,ISIC 84,ISIC 85,ISIC 86T88,ISIC 90T96,ISIC 97T98
ISIC 01T03,1.1399419926109695,0,0,0.0015243254314723838,6.975997846526435e-4,0.12277537393045522,0.012288364928387686,0.12215086932109338,0.018739114630349593,4.897918817858984e-4,0.009977253554178785,0.009977253554178783,0.009003018146109659,9.307904418663084e-4,9.307904418663089e-4,5.091531272969276e-4,5.180300095400906e-4,4.087342806423348e-4,2.3469603895599796e-4,8.5173245138299e-4,6.494638954994979e-4,0.0010600994802128945,2.850460494424337e-4,0.005560802163673666,2.4313250046635492e-4,2.457744329833323e-4,5.087812802538882e-4,0.0028636274125544174,0.0013131441484173047,5.659224550901671e-4,0.01157829609422608,3.8010927332365185e-4,3.755704259497482e-4,4.5551941194135347e-4,2.768446991839455e-4,3.863368281578159e-4,0.001012450152420639,0.0032138575776707147,0.0015212248378118423,0.0014326078564082748,0.0015330062973310055,0
ISIC 05,0,1,0,0,0,0,0,0,0,0,0,0,0,0,0,0,0,0,0,0,0,0,0,0,0,0,0,0,0,0,0,0,0,0,0,0,0,0,0,0,0,0
ISIC 06,0,0,1,0,0,0,0,0,0,0,0,0,0,0,0,0,0,0,0,0,0,0,0,0,0,0,0,0,0,0,0,0,0,0,0,0,0,0,0,0,0,0
ISIC 07T08,0.0010256381704420053,0,0,1.0273874567924655,0.013524015943949365,9.869012909265572e-4,5.095955771964859e-4,5.42045601100757e-4,0.00314602981370356,0.0025960230686452065,0.0038192232556957485,0.003819223255695747,8.821483496673097e-4,0.029799220053590272,0.029799220053590283,0.011864314167032732,0.0161137065229568,0.0013949486131272048,1.6667463963999858e-4,0.0012950372701974653,7.183969241345159e-4,7.47078763973841e-4,3.330588168998118e-4,6.83594143899473e-4,0.003879989537430318,0.0035155750205091763,0.001084587945172145,0.004300360899287086,1.2330168120494069e-4,2.10935435911997e-4,4.551789464984675e-4,1.670726847149191e-4,2.8073051094083324e-4,2.161972022571376e-4,6.439512416165872e-5,1.9832578931718367e-4,3.602556667967599e-4,0.0011610346162559896,4.920663247355464e-4,2.1229734167344257e-4,8.33702660010685e-4,0
ISIC 09,5.849086700697158e-6,0,0,0.0024622912093879455,1.0060726969016405,3.7878875826368746e-6,2.061933303318568e-6,3.7657450979069815e-6,1.0357814260920755e-5,4.486281068801106e-4,1.2883943272852566e-5,1.2883943272852561e-5,3.7016668189830992e-6,7.315500130814416e-5,7.315500130814419e-5,1.7771548110906497e-4,5.350552386300061e-5,1.0389538415379421e-5,1.3653926295080865e-6,8.276007272523961e-6,5.692495029735148e-6,4.803962457630597e-6,2.168258482876827e-6,4.1929317001388655e-6,2.0836679651171343e-5,1.8959893351161593e-5,6.925761112257157e-6,1.3644497406940093e-5,1.126152236319906e-6,7.78372604322059e-6,2.2042729052996837e-6,9.060238422315815e-7,1.1693621385025907e-6,1.1765900350089595e-6,6.841080111281349e-7,1.3441369413979361e-6,3.2675935877455275e-6,7.816005962744956e-6,2.420250653544556e-6,1.21051564025898e-6,2.968530152934661e-6,0
ISIC 10T12,0.025162619201771617,0,0,4.610750107007172e-4,5.642573930407651e-4,1.0956332487153546,0.0029209394717831043,0.003315430806074558,0.0022551964183580298,9.624022402681163e-4,0.004863986806207371,0.004863986806207369,0.0016656779568095196,0.00247474399318927,0.0024747439931892706,5.943238545656173e-4,4.2556464512978273e-4,3.8846909750241056e-4,1.715365298658641e-4,3.446968932609102e-4,4.1719683921550524e-4,4.487901553723855e-4,2.298135939018341e-4,6.243231956247856e-4,4.4172780578023637e-4,4.3006684278479594e-4,7.729707358061792e-4,5.600129291219783e-4,0.0015902061124781466,7.724526095013643e-4,0.03423612745729642,4.3274175759174096e-4,4.199306500741218e-4,8.691075684921622e-4,5.077689041310928e-4,4.4632836532290974e-4,0.0013685258114610778,0.0087094766164626,0.007886780724336118,0.007492949793497404,0.00472111615712283,0
ISIC 13T15,6.038402375623949e-4,0,0,3.9858063252944543e-4,3.492501105222788e-4,9.615921044785403e-4,1.0876010915409402,0.002998576646849161,0.010455386571143014,5.286649836972013e-4,9.70528464230769e-4,9.705284642307685e-4,0.008247851952537943,0.0016540641134079545,0.0016540641134079553,3.636149435775342e-4,2.8794162134540313e-4,2.992029903401555e-4,1.6432658559035595e-4,4.426811567705052e-4,0.001151579030292764,0.005421356969169055,0.0021502967784668065,0.0121224672753311,1.3541936583032248e-4,1.4065700825118964e-4,0.0015015363734190478,9.830935193181805e-4,0.0018040488340650012,3.531578722351841e-4,0.0028318226300495367,9.284216102174301e-4,0.0015154320728547794,2.1392084069353994e-4,1.3314185760021657e-4,1.3588246764229046e-4,4.636516352811735e-4,0.0017065551402876506,3.798363424950233e-4,0.0026079133390403825,0.002303039364687055,0
ISIC 16,0.0014482210689549635,0,0,0.0023058662917488015,0.0026434809435661373,0.0012464013097161506,0.0011323166520894852,1.1810185157560855,0.019807044519870837,6.020927319719617e-4,7.776720091124976e-4,7.776720091124974e-4,0.007276070338828482,0.002080748496636974,0.002080748496636976,0.0016597251860483095,0.002144636073936925,9.907524886695863e-4,8.909157014509568e-4,0.004755649721779539,0.0025952897037578287,0.005146848190132826,9.171429983188037e-4,0.029608985678880272,4.372075748435449e-4,4.6792323441943934e-4,6.865916691855303e-4,0.020838351965623073,0.0019231616851743201,0.0018917878378460486,0.001938022938987838,7.003396505203752e-4,0.0010519058552048127,7.824358816175433e-4,3.259416711462278e-4,0.001788691442413913,8.591282720503961e-4,0.0013904289151260743,5.306928975377806e-4,0.001305968093743291,9.642971270508116e-4,0
ISIC 17T18,0.0020004283345051196,0,0,0.0029126471984970764,0.002216343063946833,0.023574651876294997,0.0063588516137100745,0.011250624778015085,1.1860154452988692,0.0018458001606748624,0.008169947950368003,0.008169947950368002,0.016307567573326635,0.010668807630932293,0.010668807630932298,0.004559165958000074,0.005803209304889074,0.005577541146483335,0.0020876205442064834,0.008695992118084535,0.005893279937148954,0.008408185348913522,0.0022931758285798984,0.013110155086578637,8.714167117073614e-4,9.92242757120908e-4,0.0034650388717260214,0.0034055673893042576,0.0062184300002606175,0.0046512427046188215,0.009097631789055732,0.007774981956593847,0.002012130549180539,0.004130529267312853,0.0036584214842182742,7.528206462787374e-4,0.005753695990060617,0.006760810726863623,0.003123830866552665,0.006037379911325846,0.0036263154403166423,0
ISIC 19,0.007227247677966002,0,0,0.012045676423320384,0.007124552738633856,0.0025971676755081117,0.001378425934875486,0.004749348133940006,0.005337805529505062,1.0138810586951026,0.0064909420388181965,0.006490942038818194,0.002666142052817392,0.0032182920606731,0.0032182920606731013,0.01752725418755059,0.019198987961267514,0.009225806338254473,0.0012080886000192007,0.00689238969867195,0.005204123269564409,0.0038317459059393284,0.0017238817008758873,0.003734291414318692,0.012976539781803876,0.011876274448265141,0.006422102833263927,0.006792130799461863,0.0012712073071159953,0.01549172355025497,0.0017942964719953735,6.14489011312656e-4,6.030972534188443e-4,0.001013913796861286,8.543978233062816e-4,6.369730615609423e-4,0.0012232818017745026,0.009188081087889294,0.0014357775765368446,0.0010488693061078496,0.0014927089613706425,0
ISIC 20,0.015013619288698257,0,0,0.008701844968416908,0.007717863990021289,0.007101029295270305,0.04736849604627461,0.011458733325048324,0.017476273367678458,0.017535640770657855,1.100566874640819,0.10056687464081951,0.07948789446299015,0.010624458922746244,0.010624458922746249,0.009061368406427942,0.005176023435676861,0.007107477126301545,0.0028520847195736476,0.007212775440377923,0.004931277675693285,0.00819139892436923,0.0025462965816227066,0.01296092445807322,0.002581210288585416,0.0024516459066325847,0.005743834049851562,0.0048476224520229,0.0018653965351953542,0.0033484855179036284,0.0027538396712071898,0.001596710010680091,0.001756105052476745,0.0016819721363131414,8.521033324203038e-4,0.001389875034125376,0.005426120757023003,0.00523301582429774,0.001613364419088797,0.006651551548277133,0.0030851377603706787,0
ISIC 21,0.005004539762899421,0,0,0.002900614989472303,0.002572621330007097,0.0023670097650901013,0.015789498682091545,0.003819577775016105,0.005825424455892819,0.005845213590219285,0.03352229154693986,1.0335222915469389,0.026495964820996715,0.0035414863075820804,0.003541486307582082,0.0030204561354759797,0.0017253411452256198,0.0023691590421005145,9.506949065245491e-4,0.002404258480125973,0.0016437592252310938,0.0027304663081230765,8.487655272075691e-4,0.004320308152691072,8.604034295284719e-4,8.172153022108611e-4,0.0019146113499505196,0.0016158741506742999,6.217988450651179e-4,0.0011161618393012085,9.179465570690626e-4,5.322366702266967e-4,5.853683508255814e-4,5.60657378771047e-4,2.840344441401013e-4,4.6329167804179183e-4,0.0018087069190076662,0.001744338608099246,5.377881396962655e-4,0.0022171838494257114,0.0010283792534568922,0
ISIC 22,0.002599387497779123,0,0,0.008700460041084039,0.006263209225569848,0.010556558203061972,0.004378992121961312,0.0075620321332651175,0.009573422206459101,0.0015601958554028027,0.007451427018571876,0.007451427018571874,1.0357390556320012,0.004924891042609672,0.004924891042609674,0.0020038475886137988,0.002207256206641264,0.004165074435558863,0.004091088213901625,0.009709870218631896,0.015378281760967538,0.022285857072664814,0.005417806568472452,0.015781314513426757,4.965049257803412e-4,6.581584164956582e-4,0.0025486060718985263,0.009603836711338049,0.0030484992358195398,0.002397535843799754,0.0031800476878663933,0.001551417393567729,0.003020011647988025,0.0018606453780190954,5.390004324704128e-4,5.337558400570798e-4,0.001853209190733822,0.0030571348127973264,0.0013825606692306719,0.003579120099290333,0.0022745788371846282,0
ISIC 231,1.8442339324446658e-4,0,0,0.00125788515041347,0.0017665027610190953,9.533353227274201e-4,1.7543031596520324e-4,0.002014021093562789,6.853105250394501e-4,8.046636946010653e-4,5.122163639035738e-4,5.122163639035737e-4,0.0016441996561067857,1.020182250860145,0.02018225086014563,0.0016411608758115327,0.0020246840830407714,0.0010522970615888538,2.5274497472814293e-4,0.0029145484459640984,0.0011825087575413327,0.0025156601335597937,3.168841493343729e-4,0.0011253578313978586,1.7547661548027676e-4,1.771443266130467e-4,5.423241099674484e-4,0.007599880573772882,1.6649044409500327e-4,1.8546123222893635e-4,5.070480638883879e-4,2.817161785781607e-4,6.823256787038316e-4,1.9396999620956335e-4,6.473162201703117e-5,2.655135862222874e-4,3.6216693078044125e-4,4.588324605624467e-4,1.4950981879581891e-4,5.363569025137411e-4,4.143209371391181e-4,0
ISIC 239,5.532701797334002e-4,0,0,0.003773655451240412,0.005299508283057287,0.002860005968182262,5.262909478956099e-4,0.00604206328068837,0.0020559315751183514,0.0024139910838031956,0.001536649091710722,0.001536649091710722,0.004932598968320361,0.06054675258043693,1.0605467525804368,0.004923482627434599,0.006074052249122316,0.003156891184766563,7.582349241844288e-4,0.008743645337892297,0.0035475262726239972,0.007546980400679382,9.506524480031192e-4,0.0033760734941935752,5.264298464408304e-4,5.314329798391404e-4,0.0016269723299023446,0.02279964172131866,4.994713322850101e-4,5.563836966868094e-4,0.001521144191665164,8.451485357344825e-4,0.0020469770361114955,5.819099886286904e-4,1.9419486605109357e-4,7.965407586668623e-4,0.0010865007923413239,0.0013764973816873406,4.485294563874566e-4,0.0016090707075412242,0.0012429628114173548,0
ISIC 241,6.154877638585273e-4,0,0,0.001590414958287932,0.001525320287630342,7.384448877243219e-4,2.891686685300567e-4,0.00115962624557808,0.0014104408098374488,0.0010121484147591626,6.111411356128557e-4,6.111411356128556e-4,0.0012512888090446493,0.0016045148505823858,0.0016045148505823865,1.0319023583488032,0.046065122613885214,0.01998830963217927,0.002390819566439909,0.014450472599857152,0.010687871356448088,0.008512722455248384,0.003436679308552115,0.005301783226093042,8.04602939666969e-4,7.654923222882214e-4,0.0012191551483443461,0.0016144434654294132,2.265101603044706e-4,0.001095104042311498,2.5824597612534683e-4,1.918044689608964e-4,3.4192498600266543e-4,2.6822421990822906e-4,8.434899496380213e-5,1.578696638780326e-4,2.855612301952142e-4,7.212402652680768e-4,2.530935275507364e-4,2.3937120985684902e-4,4.54579681055347e-4,0
ISIC 242,4.832795238720666e-4,0,0,0.001652352852869731,0.001854279770456875,9.495671140867696e-4,3.498425790799801e-4,0.0014503271250419483,0.0017907271632722538,6.732258129155504e-4,5.215815168731188e-4,5.215815168731187e-4,0.001714634243650411,0.002210861676966841,0.002210861676966841,0.046786581883276335,1.067928963009554,0.029420851887615534,0.0035126880561103077,0.021256140952468028,0.015715010769043077,0.01253582963969105,0.005050079233898686,0.007725353249402162,4.16969365550894e-4,4.2528108985947973e-4,0.001437793059929693,0.0020082004200291156,2.623816530828394e-4,6.996114977129127e-4,2.781428001799773e-4,2.5030024437600604e-4,4.761744828281373e-4,3.4061525065694795e-4,7.451280288959763e-5,1.9802934066479592e-4,3.5387567941997164e-4,5.225443275155138e-4,2.9223863864410104e-4,2.9520785078183004e-4,5.910022226858485e-4,0
ISIC 25,0.003799287817498566,0,0,0.008577028872384661,0.007890430295947038,0.010518828135273696,0.004564479646575571,0.01796010332013875,0.018337930062568265,0.005094401834262004,0.0076885191138336894,0.0076885191138336886,0.017108648254441652,0.008954405357822106,0.008954405357822107,0.02230646847411074,0.030197979825297563,1.0572536106966766,0.011055624395979617,0.04113199984736198,0.04084419400287022,0.030904690212862337,0.022537228374493786,0.022042977741736733,0.002028408126157682,0.0032182404588745445,0.014102944015667303,0.02700557542689797,0.0017711924799873769,0.0038264696028581313,0.003607987261847877,0.003776767245374146,0.008100067931132673,0.003371239959352534,6.154257844677525e-4,0.0014285505598057883,0.002413299046507494,0.003452233594040162,0.0016270744370186314,0.0022858752870146544,0.0039000590140615197,0
ISIC 26,6.881770049366351e-4,0,0,0.00203781536277028,0.0028614854763935335,0.0029881495704501093,0.0030621181057912004,0.006611007170937344,0.0016453477812553054,0.002062548770244428,0.004207950053139945,0.004207950053139945,0.004976156818790301,0.0029254342035887368,0.002925434203588738,0.0029834759035622734,0.003405709158769888,0.008691263927715834,1.0541436201628216,0.01067437057468526,0.010402880580446897,0.021222386725206918,0.025539985250920785,0.006447028312932234,8.913235986910401e-4,9.241743469636278e-4,0.0058732674152482435,0.004056293647856391,0.006438107330964198,0.0018304417456424785,0.0017595633429252845,0.008172721771811593,0.01433745064934772,0.008720434401609247,0.0013199111698002633,6.378013120846167e-4,0.005580770672832744,0.0029870104060692564,0.0020172933894855574,0.0029050288606182395,0.0033622219363352857,0
ISIC 27,0.003323980751573264,0,0,0.0015871171037628677,0.0041632387825430075,0.001945527567427199,7.458875173070083e-4,0.003673731200637023,0.0025968066644516674,0.0016404195890480481,0.0012078950766253092,0.001207895076625309,0.002852230682143411,9.295870669995868e-4,9.295870669995871e-4,0.0034486047725676527,0.004277634441076897,0.005232534789297315,0.004766102033042357,1.0429482532242997,0.022890375840170597,0.006837267014165264,0.003342074355591305,0.0028891172836207324,3.83822402648626e-4,3.9683294305213965e-4,0.005809522746960213,0.011938956862668371,7.060395524932424e-4,7.356384290588532e-4,0.001236277001035598,0.0012873761906139326,0.0030947274512006843,0.0029366180361872964,2.4098067286061202e-4,6.406176205283452e-4,0.0014293670544680138,0.001754498455123189,9.594727080315684e-4,0.001076646080520856,0.0023698073554705512,0
ISIC 28,0.0041168996778753655,0,0,0.023820372447715874,0.02709099365827724,0.004384889871326153,9.818525922125052e-4,0.004481451357229631,0.007135343700180928,0.00522294650000002,0.004323044515868582,0.004323044515868581,0.005589431681751832,0.002142576724375421,0.0021425767243754214,0.00406779685261634,0.0035381755848516105,0.009027261727408099,0.0014678709338645584,0.012960245225568483,1.0563978760516104,0.03721920645612926,0.007612449764911364,0.003422497830273758,0.00282230093804946,0.002710966945406759,0.0236530025119877,0.011777733355249675,0.0011941338760983974,0.006062902821510619,0.0010850330921874768,8.570740866451473e-4,0.00140508289128352,0.0030819029416848305,5.372358290922373e-4,5.534327573568695e-4,0.0019687782447726427,0.0021113792981822654,0.0033257299683163133,0.0010780213675491946,0.0040969121206864655,0
ISIC 29,0.0021857770935721573,0,0,0.0059012552945389785,0.004319977345567765,0.004840073355932652,0.0011931847446846897,0.013686100497426518,0.006213661799672138,0.00189963548381544,0.002012069866985476,0.002012069866985476,0.0027822382906490233,0.0034569795060944448,0.003456979506094445,0.0026208509241977245,0.0029515189348160034,0.0034044359065804946,0.0023725325997181667,0.00473457509392666,0.02032960962748643,1.1536274709898462,0.0062298970742519265,0.004704434964896502,5.702447935524651e-4,5.68825487838862e-4,0.006854863967651657,0.0019352778558030818,0.0037718872447192265,0.007084951417876995,0.0014581133872218774,0.0010469388810487794,0.0014962767048872967,7.434806884458657e-4,3.303546627847407e-4,2.691294779328879e-4,0.0034585662421066287,0.0031098625501462434,0.0013118512425447885,0.0020178965866795868,0.006760761826974528,0
ISIC 30,7.062552222031079e-4,0,0,0.0018113978249532361,0.0019283252641327767,0.0011521655567395396,8.876461064966516e-4,0.0016074697018820673,0.0012399814656158135,8.494518392770561e-4,9.366444327588618e-4,9.366444327588618e-4,0.0010200134666777008,9.793612808027992e-4,9.793612808027994e-4,0.0010132461958932424,0.001088343803376613,0.0015051767540025533,0.0012223025720675055,0.004881330559280763,0.004434643246131436,0.008954142325923498,1.169999157057802,0.0012401005512424816,7.114198084001989e-4,7.205291986810116e-4,0.0022248459647032518,0.0018666417149682776,0.0012644914919451985,0.003640774014956465,0.0012951791802294284,0.0010103719975896295,0.0011512821248066717,0.0013976608259367114,6.256670763380076e-4,5.035037325974764e-4,0.0015178504237358442,0.0031875905164061163,7.284837667222089e-4,0.0011333352609943865,0.001382934254054096,0
ISIC 31T33,2.5404594897098746e-4,0,0,8.004549671379567e-4,6.959664054641595e-4,3.4076982080932555e-4,0.0016047078699280117,0.00345372096667013,4.886402188785634e-4,4.2784615382233633e-4,5.782939680023593e-4,5.782939680023593e-4,0.0012793079715151688,5.641278908803052e-4,5.641278908803053e-4,3.9437676086655264e-4,3.7903147433272034e-4,4.5297140062803025e-4,3.036594929775907e-4,0.0026699752755285377,0.004053711284270539,0.0028569698557896154,7.193216758433558e-4,1.0246387593872035,2.5982291342740695e-4,2.658466434488591e-4,0.0011565994655941447,0.006016279226636886,0.0012015188550513023,5.189552495576361e-4,9.792681054551981e-4,3.2583942256196466e-4,4.4427329409248427e-4,4.398267122924799e-4,2.0964734404815488e-4,9.524704472378e-4,0.00102689270781333,0.0015794113007224434,7.67912087274395e-4,0.010339783209374492,0.0019205733598126524,0
ISIC 351,0.0028421043930310615,0,0,0.0063572737369942504,0.0014860539493356986,0.002132214708305112,0.002231239005746891,0.0033000083595312933,0.005305025474194978,0.033276483697493364,0.003267240068715423,0.0032672400687154225,0.0035130306613308997,0.004871802072702551,0.004871802072702552,0.013663689243478317,0.004671475042771894,0.0027299762969078124,8.262738672554742e-4,0.0016993898342604007,0.0016731428848393605,0.0015000049607135578,0.0017398440962984917,0.0016045209415676228,1.009990228621803,0.009425353964190112,0.0037842277799472984,0.0015373920722162773,0.002387424498612362,0.0023308785219012004,0.0033858725806455055,8.055502447571418e-4,0.0012416403885127803,7.040627143568595e-4,5.071648758098036e-4,0.0010244678299524172,9.497006083759821e-4,0.0019758258888862208,0.002304510445093324,0.0014428111546350192,0.0018691898623521513,0
ISIC 352T353,8.779765175159406e-4,0,0,0.0019614107454043114,4.59787220448826e-4,0.00065774664262031705,6.891200876068569e-4,0.0010169614958418173,0.001634476657682885,0.009837320381708136,0.0010093237196308997,0.0010093237196308997,0.0010827891237215929,0.0015012553365571176,0.001501255336557118,0.004070606656925273,0.00142664252580752,8.359754505516337e-4,2.542985764040127e-4,5.199720626076158e-4,5.131810966917437e-4,0.00046001930440856985,5.354551084074452e-4,4.939026146349132e-4,0.0032068629352730946,1.003020162253608,0.001191171365260789,4.736222338352659e-4,7.366603621240471e-4,7.222994527604713e-4,0.0010443652959802468,2.49009621459034e-4,3.832574478859153e-4,2.183009927470685e-4,1.5712646634512557e-4,3.153552171704863e-4,2.9406402829328907e-4,6.211806425185371e-4,7.099717763391823e-4,4.456684427187674e-4,5.765647491120262e-4,0
ISIC 36T39,0.0019983905139712857,0,0,0.003716848885169183,0.0017464823687057397,0.001028683526752837,8.031888203329513e-4,0.0017134512751867577,0.002282542100391814,0.1912816900517511,0.0022210871146532683,0.002221087114653268,0.0013926768541845209,0.0018178165179714375,0.001817816517971438,0.06505777720368787,0.007185735346403023,0.0034439150600150442,5.483443451213511e-4,0.002470025721710517,0.001947840828157452,0.0015344344015294279,9.086211372940789e-4,0.001362282545156347,0.006776178999393398,0.00624215423728474,1.0028128573995512,0.0016863111335164833,8.165403654165918e-4,0.0035211587902240107,0.0011214195509344665,3.39438421880485e-4,4.197607364865673e-4,3.817404992615679e-4,2.859923459211383e-4,3.673690008449529e-4,4.782008155735133e-4,0.0023733319599815736,9.482556069823635e-4,5.559814233423214e-4,7.434122442883044e-4,0
ISIC 41T43,0.003786240693139662,0,0,0.03298678384398251,0.020876537218177154,0.003789631682593315,0.0028448476680575214,0.004894772524012548,0.007898328895075071,0.016481001016046815,0.003987979563863961,0.003987979563863961,0.004783980700645519,0.0088938788917492,0.008893878891749203,0.009709206766514662,0.0066044261317265785,0.005274480925738424,0.002141628329019742,0.0026327642995408566,0.003698508840320533,0.002702991894459809,0.0022376827103599848,0.00338235439055616,0.01203959852664818,0.012676808411859617,0.004984206339098349,1.0018289028178755,0.005792327293844525,0.00647873988927808,0.007083698155738585,0.0025431519133978947,0.004241314538297662,0.0018314893259509506,0.00380362667767177,0.03068331109778952,0.0033656783578094583,0.02034492727887841,0.008251439665989797,0.004368353176975354,0.007305172089447429,0
ISIC 45T47,0.02879738685179294,0,0,0.019726185523176683,0.01575153784296718,0.0353806673618113,0.022179203967127165,0.04083513948530249,0.031144310261212567,0.017956518242902255,0.028912232778627128,0.028912232778627124,0.02783359330446161,0.01985566350555968,0.019855663505559683,0.0271216390283213,0.03132372912165642,0.020329831025753305,0.011848313147684484,0.025489943212283785,0.0325177915505906,0.04286115109231043,0.016005475128074896,0.02766160547672672,0.01236476130121186,0.011932861087818082,0.016974906148637628,0.06334873941282429,1.011600101767914,0.024790767777765586,0.01990088329109684,0.01041149020147204,0.011054222099479675,0.006656699850084211,0.003853243307613413,0.006244728552559608,0.009957579213494354,0.010631169045426011,0.006738441260847363,0.011442854945196392,0.01503351712824724,0
ISIC 49T53,0.018777566311216128,0,0,0.02298031073185296,0.011445328923639031,0.033344549599632095,0.020737654725047634,0.03953817725884042,0.036805381261758904,0.022290656770102456,0.016064606066609394,0.016064606066609394,0.025828328137778033,0.047762354291377276,0.04776235429137729,0.030705391414999974,0.03456343910659416,0.015333018595716796,0.004542208540108129,0.013293848316691849,0.013410579675125376,0.014486423165311903,0.007150639719211161,0.017539137858736283,0.028975049024614508,0.02849016269928531,0.027043783888182626,0.01569026474044105,0.0319035969103035,1.1236028988015978,0.010389290683548937,0.007930466289672113,0.004956531201446671,0.015667957814793708,0.00738364929157384,0.004238964032052906,0.014607138147830502,0.015876275037568242,0.007725536371848311,0.013077765340187075,0.00961259110879282,0
ISIC 55T56,0.0014637080681938663,0,0,0.002279668871714099,0.006998311748462547,0.0023732790699930385,0.002117929574546733,0.003534727474629303,0.0034961250569664815,0.003342070618395348,0.0018137449068895753,0.001813744906889575,0.0036884110111746523,0.004568373159882592,0.004568373159882594,0.0029615528131580523,0.0027870902897323847,0.0031988535990602703,9.617804587482675e-4,0.0016573996190014585,0.002805710967461273,0.0019827946028022534,0.001430380307468111,0.0032430503469838856,0.0067515574547348176,0.006391683932911355,0.01026150855980988,0.0019992071115417444,0.00606369572369118,0.007355662856841343,1.0171682847547758,0.004482466753049751,0.004218299966323311,0.017914802739009715,0.010694473903026955,0.009139280191093281,0.014552058870092819,0.00659308059843196,0.00738771052172561,0.023389295197844114,0.006716090926054099,0
ISIC 58T60,5.719528412762122e-4,0,0,0.0010483051584170289,0.001715502721615783,8.592184981070065e-4,7.945366042646596e-4,0.0013066647400799556,0.001003105869133491,7.399155697890597e-4,6.231833489885585e-4,6.231833489885585e-4,7.808717847808763e-4,0.0017602101903871497,0.0017602101903871502,7.176917447079349e-4,7.075024065207088e-4,0.0011717900995102501,4.908053212263658e-4,6.175010317989471e-4,0.0011517669343132832,6.390346493976112e-4,9.854659993105896e-4,0.0010954349999689906,0.0011932727999650217,0.0016101036198355593,0.0021978918416690604,0.0012842105861739907,0.0020187289280263693,0.001877824473554263,0.0030068053457995726,1.0329568799025148,0.027223859141765346,0.0038384638906726345,0.0017270480729876252,7.337518090039328e-4,0.003193338253880489,0.006340479355424419,0.0025124468798807397,0.0023786199708813694,0.002145508708163578,0
ISIC 61,8.777444199034585e-4,0,0,0.001891330984538487,0.0030254148897721042,0.0014798133453585414,0.0014251922954129767,0.0020685673194972528,0.0016567126179581398,0.0012267655662314288,0.0010928849755976868,0.0010928849755976868,0.0013242731221812924,0.003028190897995297,0.003028190897995298,0.0011871813169947376,0.0011690324474420062,0.0019046662626323212,8.055166666548602e-4,0.001069189376824,0.0019503225201905946,0.0010819531224328081,0.0014032802032785954,0.001813101237329168,0.0017256467545665702,0.0024700655366953262,0.0036515824339127777,0.0019373133117316812,0.002845871705490058,0.002930722470260529,0.004277520301668441,0.02149020277537769,1.0356441200957527,0.004949778312577539,0.002575033442962683,0.0011936721473023977,0.004021613249553287,0.008952078039779744,0.0028535031090889586,0.002767642036165221,0.0032625761101319145,0
ISIC 62T63,0.0014161814022177362,0,0,0.005736934682301086,0.0034189770707872256,0.003087552128674549,0.0029953032986526924,0.005007640426353857,0.004253835193133008,0.003298874053152215,0.002030233835949724,0.002030233835949724,0.0033014360729753207,0.005712619740025749,0.005712619740025751,0.0031715215889934942,0.003113132120864003,0.005551932213589899,0.0018375138846439742,0.0027850487947558454,0.006452070626756862,0.002660274551284702,0.006591980248709724,0.0049232269198241545,0.006597071044609165,0.0062370302872358785,0.008288540133359704,0.0038695527178111144,0.008020263456257438,0.004358981071854606,0.008175803450768628,0.018776490534753134,0.010729460497413582,1.015818734812813,0.008479650668581248,0.0016478307409654315,0.011668609558945142,0.01421143445754791,0.007548019659930818,0.0060252582146908505,0.006886762640789844,0
ISIC 64T66,0.005231743746561719,0,0,0.013229330344700157,0.03640494119277056,0.004894750693398768,0.00684803691749729,0.004852455760098308,0.004517482354511069,0.003405732298707843,0.004215989051447513,0.004215989051447512,0.0046440490972986,0.006580368824838133,0.006580368824838136,0.005650862940690282,0.006680226486441551,0.006435874300236141,0.003654628119955209,0.006494924443647138,0.006830790730422724,0.006149938430774927,0.0038628932734521486,0.007754152826071002,0.006197622622584629,0.00746281140379435,0.007635802618844615,0.003645604315520869,0.009324944010926471,0.014462115871310886,0.011715510712310265,0.006723699345137095,0.007406988790652316,0.005697959413073344,1.0838450352337103,0.015281858555714088,0.010578834217406925,0.00793928511815162,0.006369096043160311,0.011185924809690708,0.008734013115266462,0
ISIC 68,0.010734291623493339,0,0,0.010354605726620999,0.01670096973216477,0.013641822284555955,0.017157535509929565,0.015924383659742792,0.01868271883136081,0.010924339359640411,0.012377204342224292,0.012377204342224293,0.01857390396144156,0.015982174421385345,0.015982174421385352,0.009474313159242326,0.008809494781566079,0.02032218647661117,0.012200448689976802,0.01117760738542129,0.013158277583078509,0.010421874048160565,0.008600314232426217,0.019989741992923738,0.022573966894099115,0.021801775353488324,0.033526366360394876,0.01815194627939692,0.07615456486533041,0.03822858144165333,0.05668812675967255,0.031286560386195664,0.038955894984411675,0.02581124015501087,0.029166195762199476,1.0389623785456559,0.05298830599382577,0.018328030365853763,0.09898059343438413,0.08083735930002497,0.0950968047534798,0
ISIC 69T82,0.009340197884418927,0,0,0.07005954380548103,0.0719436721913234,0.03721280962833459,0.044057947886168715,0.023496800846620414,0.03341374923760365,0.027770448763215137,0.039372662716006646,0.039372662716006646,0.027694384818882693,0.0362885213820932,0.036288521382093215,0.02613751236005882,0.02538883200511293,0.03856717684586739,0.0248757083816941,0.028301715001540842,0.046047260655120985,0.030609380642375766,0.030215284841305375,0.03937545544128526,0.034140432808318105,0.034728675031995185,0.059438014809546295,0.028447588020059516,0.059001191849690486,0.05687517151720882,0.06880667032880772,0.05033407061481327,0.04526914876016101,0.06469581982835522,0.03610793791247014,0.022977605903942173,1.0677112551113712,0.029327880823987146,0.033123062743441005,0.057721406669652066,0.04461991493860663,0
ISIC 84,0.010091674342838333,0,0,0.00786214721149302,0.0051015200729335125,0.011845636926624617,0.005562893121975708,0.011516980499766133,0.008198076563357044,0.006814359154644661,0.006205611912321252,0.006205611912321251,0.00533367683925232,0.008370924498273624,0.008370924498273626,0.006138219043148309,0.005828217491532601,0.004438453169488895,0.001899979462824463,0.0031167983338504057,0.004189396620076179,0.003104920276984606,0.0030524651252108823,0.004516714978178681,0.007824143370738175,0.00775860277992995,0.012505549826797848,0.0032092019456725985,0.006689969628778835,0.00869558352260246,0.009018735884808851,0.004441929158131704,0.004286246576768277,0.004965925126963622,0.0044002685740371595,0.0034545748508296994,0.006233888268876402,1.0072302130635982,0.004779185550605486,0.007030930080024349,0.006440978044085664,0
ISIC 85,2.1674088634995414e-4,0,0,0.001129194673177803,0.001267506619319669,6.47055870447708e-4,7.183936514085197e-4,5.377830664406357e-4,6.549355487889093e-4,5.64046535560897e-4,6.354156249078602e-4,6.354156249078602e-4,5.645083802652206e-4,7.470962653967215e-4,7.470962653967217e-4,5.229898335550648e-4,5.041658633311053e-4,7.234101538194962e-4,3.9916090449723624e-4,4.903583076261078e-4,8.267436682470144e-4,5.374281403614215e-4,5.627837524970111e-4,7.263483239360462e-4,8.487769811331252e-4,8.373298762339752e-4,0.0013076809663016694,5.37046031345243e-4,0.0013819328335442768,0.0011103468364362576,0.0016376345544637388,0.0010041703585054742,8.644613146905818e-4,0.0017479324371958737,9.871551985500197e-4,6.643609699736263e-4,0.0015984475659289704,0.0014116406965479617,1.0020644563401653,0.0016585280498851167,0.001738327395585832,0
ISIC 86T88,2.1942025067444155e-4,0,0,6.387457503594656e-4,5.62820715402857e-4,4.1676402133853497e-4,3.839754758217684e-4,4.088806832251228e-4,4.050969471090292e-4,3.3154306083135184e-4,3.6970688088393245e-4,3.6970688088393245e-4,3.3369330827210167e-4,4.1261937114480817e-4,4.126193711448083e-4,3.3262616045034993e-4,3.331227477060606e-4,3.989414959712243e-4,2.126250054899629e-4,3.0129657285743477e-4,4.894600466621463e-4,3.70817728681353e-4,3.443264591946584e-4,4.128296085776949e-4,4.094598235359947e-4,4.029884950384269e-4,5.781812805294957e-4,4.4795252465322467e-4,5.338263879801968e-4,5.094431589334913e-4,6.516692376960319e-4,5.030256455100722e-4,3.930943161210243e-4,6.978753278966842e-4,3.992180455455826e-4,2.7847788952951413e-4,6.897822836211636e-4,0.004311491061412868,3.7926933753292577e-4,1.010788584708489,5.775460054609476e-4,0
ISIC 90T96,0.001996093562419934,0,0,0.0033630033994190623,0.006300090619485601,0.004086329867057038,0.003307110016021517,0.005451254126427553,0.008173412168098934,0.007817163428060868,0.004136978936342783,0.004136978936342783,0.005389329196892768,0.008975571357555102,0.008975571357555103,0.00691709902640446,0.006504431065543428,0.00588579733231547,0.0022161909793200684,0.0027892716760537454,0.0043805543495712305,0.003221507485048603,0.0026199650271278544,0.004153768289915879,0.003671916253958663,0.004464305796149405,0.02659931330409461,0.005203588276794469,0.009273582701771612,0.013831213689437348,0.012086320250237913,0.017287342447753287,0.025923858086635627,0.0069909394412752636,0.0068283195284471665,0.007871450383352685,0.01273945830123585,0.01143645829237822,0.009612621347229993,0.01016740641550973,1.0183949328646016,0
ISIC 97T98,0,0,0,0,0,0,0,0,0,0,0,0,0,0,0,0,0,0,0,0,0,0,0,0,0,0,0,0,0,0,0,0,0,0,0,0,0,0,0,0,0,1
