Pollutant:,OC,Unit: grams,,,,,,,,,,,,,,,,,,,,,,,,,,,,,,,,,,
,2015.0,2016.0,2017.0,2018.0,2019.0,2020.0,2021.0,2022.0,2023.0,2024.0,2025.0,2026.0,2027.0,2028.0,2029.0,2030.0,2031.0,2032.0,2033.0,2034.0,2035.0,2036.0,2037.0,2038.0,2039.0,2040.0,2041.0,2042.0,2043.0,2044.0,2045.0,2046.0,2047.0,2048.0,2049.0,2050.0
agriculture and forestry 01T03,0.0,0.0,0.0,0.0,0.0,171478.69674185463,172651.6290726817,173834.5864661654,183832.02099737534,187705.9677118134,189691.2993003444,191233.9068119561,192742.94217570615,194103.81180478155,195603.93110131577,197059.50655561578,196716.46013368535,196841.0237868751,196004.80934481043,195631.27880478458,195219.36455857247,195056.35031278545,194840.07760490023,194843.4666061084,194839.4449634815,194837.76539009824,194763.21366605815,195039.71178259296,195240.6362670476,195526.2817354265,196046.8316073814,197721.47250827152,199414.9064928816,201162.3381507151,202667.2141276676,204214.48254017136
coal mining 05,0.0,0.0,0.0,0.0,0.0,0.0,0.0,0.0,0.0,0.0,0.0,0.0,0.0,0.0,0.0,0.0,0.0,0.0,0.0,0.0,0.0,0.0,0.0,0.0,0.0,0.0,0.0,0.0,0.0,0.0,0.0,0.0,0.0,0.0,0.0,0.0
oil and gas extraction 06,0.0,0.0,0.0,0.0,0.0,0.0,0.0,0.0,0.0,0.0,0.0,0.0,0.0,0.0,0.0,0.0,0.0,0.0,0.0,0.0,0.0,0.0,0.0,0.0,0.0,0.0,0.0,0.0,0.0,0.0,0.0,0.0,0.0,0.0,0.0,0.0
other mining and quarrying 07T08,0.0,0.0,0.0,0.0,0.0,0.0,0.0,0.0,0.0,0.0,0.0,0.0,0.0,0.0,0.0,0.0,0.0,0.0,0.0,0.0,0.0,0.0,0.0,0.0,0.0,0.0,0.0,0.0,0.0,0.0,0.0,0.0,0.0,0.0,0.0,0.0
food beverage and tobacco 10T12,0.0,0.0,0.0,0.0,0.0,0.0,0.0,0.0,0.0,0.0,0.0,0.0,0.0,0.0,0.0,0.0,0.0,0.0,0.0,0.0,0.0,0.0,0.0,0.0,0.0,0.0,0.0,0.0,0.0,0.0,0.0,0.0,0.0,0.0,0.0,0.0
textiles apparel and leather 13T15,0.0,0.0,0.0,0.0,0.0,0.0,0.0,0.0,0.0,0.0,0.0,0.0,0.0,0.0,0.0,0.0,0.0,0.0,0.0,0.0,0.0,0.0,0.0,0.0,0.0,0.0,0.0,0.0,0.0,0.0,0.0,0.0,0.0,0.0,0.0,0.0
wood products 16,0.0,0.0,0.0,0.0,0.0,0.0,0.0,0.0,0.0,0.0,0.0,0.0,0.0,0.0,0.0,0.0,0.0,0.0,0.0,0.0,0.0,0.0,0.0,0.0,0.0,0.0,0.0,0.0,0.0,0.0,0.0,0.0,0.0,0.0,0.0,0.0
pulp paper and printing 17T18,0.0,0.0,0.0,0.0,0.0,94456400.8483563,95816069.98939554,101515356.64183016,105196264.5623019,104136883.39536066,104048005.2554436,104449122.53338413,104367128.85434987,104802946.06497191,105518992.76276134,106060912.58026172,107119406.60948513,108141977.90110326,108758164.18224639,109544372.5465024,110304786.75070265,110522467.50630267,110943738.472825,112011478.87420624,112072223.83825248,113094590.91868792,114523738.89107418,115616787.0746559,116437585.85731703,116879807.86985302,117250570.0969927,117657591.6175598,117637042.84460776,117808182.61938578,118131358.15684806,118520945.9841082
refined petroleum and coke 19,0.0,0.0,0.0,0.0,0.0,1820603.2603841,1825816.6145600714,1831462.7652445836,1694118.499885662,2216607.018411658,2329481.7531344555,2461366.015981539,2563008.811197305,2546213.7072436446,2492673.4150447515,2478579.307889289,2443587.5127692227,2505975.410247574,2520130.1410688004,2515895.202492117,2560331.365031137,2564652.3298076247,2594279.6401828234,2565781.0314319865,2567735.2221827395,2572253.37558558,2546472.9885736993,2569731.664655848,2559102.6975416197,2576012.3127437267,2584097.60661231,2773908.1092273938,2772604.469251138,2654402.672951746,2582228.268276838,2608436.0344471224
chemicals 20,0.0,0.0,0.0,0.0,0.0,394236.67266834714,275362.2047758372,257757.0252294402,280582.69894894894,313471.36839524365,278980.0423256645,255460.6422174401,266490.29854770325,278709.21050405205,290755.454976668,301488.4002328215,309215.353257735,316569.1668486385,327384.2233966178,336256.86348879786,343882.7329297927,354298.7474387727,364159.2431078471,372075.85015350895,377906.6072271535,384518.45525943494,391431.10670245194,404793.5859360749,418493.88098884217,429011.7034848041,440960.8468253086,446330.7892097111,448828.0574591838,450984.99353028374,458384.3702556652,467961.8481890788
rubber and plastic products 22,0.0,0.0,0.0,0.0,0.0,0.0,0.0,0.0,0.0,0.0,0.0,0.0,0.0,0.0,0.0,0.0,0.0,0.0,0.0,0.0,0.0,0.0,0.0,0.0,0.0,0.0,0.0,0.0,0.0,0.0,0.0,0.0,0.0,0.0,0.0,0.0
glass and glass products 231,0.0,0.0,0.0,0.0,0.0,0.0,0.0,0.0,0.0,0.0,0.0,0.0,0.0,0.0,0.0,0.0,0.0,0.0,0.0,0.0,0.0,0.0,0.0,0.0,0.0,0.0,0.0,0.0,0.0,0.0,0.0,0.0,0.0,0.0,0.0,0.0
cement and other nonmetallic minerals 239,0.0,0.0,0.0,0.0,0.0,19387699.66315332,20288384.222536128,19345535.714285713,20166929.911154985,22944460.56058718,20881738.63486881,19331816.83059839,18371447.987995706,17588645.238390002,17352325.94928359,17084598.908380456,16845742.112501584,16630921.180448936,13797480.628241902,13269557.422311023,12683567.490464354,12124035.683457203,11776137.754296485,11481481.651997933,11004840.041886872,10698435.52336822,10365111.020124055,10077624.585187953,9861773.745845014,9702079.487387277,9451768.465145689,9291029.395012531,9146515.589614911,8992913.976731315,8884808.134539176,8803492.683273522
iron and steel 241,0.0,0.0,0.0,0.0,0.0,0.0,0.0,0.0,0.0,0.0,0.0,0.0,0.0,0.0,0.0,0.0,0.0,0.0,0.0,0.0,0.0,0.0,0.0,0.0,0.0,0.0,0.0,0.0,0.0,0.0,0.0,0.0,0.0,0.0,0.0,0.0
other metals 242,0.0,0.0,0.0,0.0,0.0,588585.0079744817,606539.3939393939,615011.9371727748,668043.2071269487,690350.4196426962,682718.8536079043,679648.394334475,694503.0286249486,719741.8052210289,740419.7971529012,757909.5856506231,767926.8016884294,769519.8458203559,769086.8165256395,771001.072562842,775708.2154339004,783023.4058149528,790913.2404512941,797075.1880258471,801642.2808481674,809611.1265693064,815655.1187461062,820399.7156123646,828148.4143031168,836346.560303031,840415.9709581018,841769.931719215,842851.2985385231,844873.4783558373,847013.678656889,846783.8330630411
metal products except machinery and vehicles 25,0.0,0.0,0.0,0.0,0.0,0.0,0.0,0.0,0.0,0.0,0.0,0.0,0.0,0.0,0.0,0.0,0.0,0.0,0.0,0.0,0.0,0.0,0.0,0.0,0.0,0.0,0.0,0.0,0.0,0.0,0.0,0.0,0.0,0.0,0.0,0.0
computers and electronics 26,0.0,0.0,0.0,0.0,0.0,0.0,0.0,0.0,0.0,0.0,0.0,0.0,0.0,0.0,0.0,0.0,0.0,0.0,0.0,0.0,0.0,0.0,0.0,0.0,0.0,0.0,0.0,0.0,0.0,0.0,0.0,0.0,0.0,0.0,0.0,0.0
appliances and electrical equipment 27,0.0,0.0,0.0,0.0,0.0,0.0,0.0,0.0,0.0,0.0,0.0,0.0,0.0,0.0,0.0,0.0,0.0,0.0,0.0,0.0,0.0,0.0,0.0,0.0,0.0,0.0,0.0,0.0,0.0,0.0,0.0,0.0,0.0,0.0,0.0,0.0
other machinery 28,0.0,0.0,0.0,0.0,0.0,0.0,0.0,0.0,0.0,0.0,0.0,0.0,0.0,0.0,0.0,0.0,0.0,0.0,0.0,0.0,0.0,0.0,0.0,0.0,0.0,0.0,0.0,0.0,0.0,0.0,0.0,0.0,0.0,0.0,0.0,0.0
road vehicles 29,0.0,0.0,0.0,0.0,0.0,0.0,0.0,0.0,0.0,0.0,0.0,0.0,0.0,0.0,0.0,0.0,0.0,0.0,0.0,0.0,0.0,0.0,0.0,0.0,0.0,0.0,0.0,0.0,0.0,0.0,0.0,0.0,0.0,0.0,0.0,0.0
nonroad vehicles 30,0.0,0.0,0.0,0.0,0.0,0.0,0.0,0.0,0.0,0.0,0.0,0.0,0.0,0.0,0.0,0.0,0.0,0.0,0.0,0.0,0.0,0.0,0.0,0.0,0.0,0.0,0.0,0.0,0.0,0.0,0.0,0.0,0.0,0.0,0.0,0.0
other manufacturing 31T33,0.0,0.0,0.0,0.0,0.0,28554080.65532451,28793586.011342157,31305434.626832116,34036977.097493805,33483411.67614585,32577377.89858796,32117533.493923552,32051537.50299874,32166539.864904243,32646601.745157775,33236978.373077344,33811009.90764674,34783247.05234793,35615587.13538123,36474332.87123445,37209422.136143066,37650064.63461681,38216941.84309571,39047672.29868148,39554151.12953799,40319086.973624274,41066304.8794518,41698507.86841792,42197219.48332141,42687564.45190289,43258745.57313536,44243956.98336297,44859257.854467034,45389100.49881811,45979187.043153055,46581295.54927574
energy pipelines and gas processing 352T353,0.0,0.0,0.0,0.0,0.0,1153342.2306959007,1148882.3641563396,1325613.337749807,1449471.0622710623,1664728.1746677074,1695543.2417023287,1705237.6983982646,1816852.972302553,1957254.4519493347,1979172.639740149,2010797.696752714,1987629.8349042637,1946292.7679231274,1876454.1030643035,1829782.9560948976,1810589.3563245393,1808811.9392383597,1810368.5662512039,1788069.9446783636,1796132.4931039885,1787421.223979781,1769123.040276908,1767503.093270137,1777577.2070680487,1786160.232451928,1795752.6947138638,1801820.2900867644,1789826.7083708,1782431.9292706018,1791346.8212478135,1811293.3279762487
water and waste 36T39,0.0,0.0,0.0,0.0,0.0,0.0,0.0,0.0,0.0,0.0,0.0,0.0,0.0,0.0,0.0,0.0,0.0,0.0,0.0,0.0,0.0,0.0,0.0,0.0,0.0,0.0,0.0,0.0,0.0,0.0,0.0,0.0,0.0,0.0,0.0,0.0
construction 41T43,0.0,0.0,0.0,0.0,0.0,0.0,0.0,0.0,0.0,0.0,0.0,0.0,0.0,0.0,0.0,0.0,0.0,0.0,0.0,0.0,0.0,0.0,0.0,0.0,0.0,0.0,0.0,0.0,0.0,0.0,0.0,0.0,0.0,0.0,0.0,0.0
