Pollutant:,BC,Unit: grams,,,,,,,,,,,,,,,,,,,,,,,,,,,,,,,,,,
,2015.0,2016.0,2017.0,2018.0,2019.0,2020.0,2021.0,2022.0,2023.0,2024.0,2025.0,2026.0,2027.0,2028.0,2029.0,2030.0,2031.0,2032.0,2033.0,2034.0,2035.0,2036.0,2037.0,2038.0,2039.0,2040.0,2041.0,2042.0,2043.0,2044.0,2045.0,2046.0,2047.0,2048.0,2049.0,2050.0
agriculture and forestry 01T03,0.0,0.0,0.0,0.0,0.0,14289.891395154553,14387.635756056809,14486.215538847118,15319.33508311461,15642.163975984444,15807.6082750287,15936.15890099633,16061.911847975498,16175.31765039847,16300.327591776308,16421.62554630131,16393.038344473774,16403.41864890626,16333.734112067537,16302.606567065388,16268.28037988103,16254.695859398791,16236.673133741695,16236.955550509032,16236.620413623456,16236.480449174856,16230.26780550484,16253.309315216084,16270.05302225397,16293.856811285536,16337.235967281784,16476.78937568929,16617.908874406803,16763.52817922626,16888.934510638974,17017.87354501429
coal mining 05,0.0,0.0,0.0,0.0,0.0,0.0,0.0,0.0,0.0,0.0,0.0,0.0,0.0,0.0,0.0,0.0,0.0,0.0,0.0,0.0,0.0,0.0,0.0,0.0,0.0,0.0,0.0,0.0,0.0,0.0,0.0,0.0,0.0,0.0,0.0,0.0
oil and gas extraction 06,0.0,0.0,0.0,0.0,0.0,0.0,0.0,0.0,0.0,0.0,0.0,0.0,0.0,0.0,0.0,0.0,0.0,0.0,0.0,0.0,0.0,0.0,0.0,0.0,0.0,0.0,0.0,0.0,0.0,0.0,0.0,0.0,0.0,0.0,0.0,0.0
other mining and quarrying 07T08,0.0,0.0,0.0,0.0,0.0,0.0,0.0,0.0,0.0,0.0,0.0,0.0,0.0,0.0,0.0,0.0,0.0,0.0,0.0,0.0,0.0,0.0,0.0,0.0,0.0,0.0,0.0,0.0,0.0,0.0,0.0,0.0,0.0,0.0,0.0,0.0
food beverage and tobacco 10T12,0.0,0.0,0.0,0.0,0.0,0.0,0.0,0.0,0.0,0.0,0.0,0.0,0.0,0.0,0.0,0.0,0.0,0.0,0.0,0.0,0.0,0.0,0.0,0.0,0.0,0.0,0.0,0.0,0.0,0.0,0.0,0.0,0.0,0.0,0.0,0.0
textiles apparel and leather 13T15,0.0,0.0,0.0,0.0,0.0,0.0,0.0,0.0,0.0,0.0,0.0,0.0,0.0,0.0,0.0,0.0,0.0,0.0,0.0,0.0,0.0,0.0,0.0,0.0,0.0,0.0,0.0,0.0,0.0,0.0,0.0,0.0,0.0,0.0,0.0,0.0
wood products 16,0.0,0.0,0.0,0.0,0.0,0.0,0.0,0.0,0.0,0.0,0.0,0.0,0.0,0.0,0.0,0.0,0.0,0.0,0.0,0.0,0.0,0.0,0.0,0.0,0.0,0.0,0.0,0.0,0.0,0.0,0.0,0.0,0.0,0.0,0.0,0.0
pulp paper and printing 17T18,0.0,0.0,0.0,0.0,0.0,12548138.564863909,12728764.934605869,13485891.375940876,13974884.628020607,13834150.26215029,13822343.172264904,13875629.928261876,13864737.410267077,13922633.907473415,14017757.72229249,14089749.507920204,14230366.021247873,14366210.348836387,14448068.124149732,14552512.62348417,14653530.476327349,14682448.456047522,14738412.54544537,14880257.400717223,14888327.115624035,15024144.314609366,15214000.657071402,15359207.545566719,15468247.237596046,15526994.586001193,15576248.800209878,15630319.910193805,15627590.091483545,15650325.29617678,15693257.817302184,15745012.933903467
refined petroleum and coke 19,0.0,0.0,0.0,0.0,0.0,752322.4542206342,754476.7530147387,756809.895018986,700055.533958381,915961.9058258301,962604.7957370805,1017102.9362475307,1059104.4853024506,1052164.2945973976,1030039.9993688681,1024215.933513351,1009756.3784004153,1035536.7431651562,1041385.8603572295,1039635.8693224931,1057998.0922103338,1059783.6315949894,1072026.4366796752,1060250.0416001782,1061057.566014537,1062924.5890670237,1052271.4366479495,1061882.5499820837,1057490.373608896,1064477.883455546,1067818.9453215029,1146253.7730906815,1145715.0738322013,1096870.8981568892,1067046.4842175865,1077876.2412513674
chemicals 20,0.0,0.0,0.0,0.0,0.0,72723.26971552035,55241.430739106945,51898.50751374397,56474.06136399557,62585.42143226891,56177.05088866611,51771.10806466865,53767.74495871455,56000.97641698404,58225.025584513,60236.22251445686,61683.98102387372,63079.82758627803,65062.81728480814,66678.00971832195,68081.80366125549,69986.10401276442,71795.80169159292,73259.68801117457,74312.3872828074,75535.80568660574,76830.2770260586,79330.41465137998,81857.83825173917,83798.10249649172,85989.46142521048,86996.34388816278,87427.7554819632,87815.35215797923,89197.66941601768,90979.3043924299
rubber and plastic products 22,0.0,0.0,0.0,0.0,0.0,0.0,0.0,0.0,0.0,0.0,0.0,0.0,0.0,0.0,0.0,0.0,0.0,0.0,0.0,0.0,0.0,0.0,0.0,0.0,0.0,0.0,0.0,0.0,0.0,0.0,0.0,0.0,0.0,0.0,0.0,0.0
glass and glass products 231,0.0,0.0,0.0,0.0,0.0,0.0,0.0,0.0,0.0,0.0,0.0,0.0,0.0,0.0,0.0,0.0,0.0,0.0,0.0,0.0,0.0,0.0,0.0,0.0,0.0,0.0,0.0,0.0,0.0,0.0,0.0,0.0,0.0,0.0,0.0,0.0
cement and other nonmetallic minerals 239,0.0,0.0,0.0,0.0,0.0,4329919.591437575,4531072.476366403,4320502.976190476,4503947.680157947,5124262.858531136,4663588.295120701,4317439.092166973,4102956.7173190415,3928130.769907101,3875352.795340004,3815560.422871635,3762215.738458686,3714239.063633597,3081437.3403073577,2963534.490982794,2832663.406203704,2707701.3026387775,2630004.0984595474,2564197.568946204,2457747.609354735,2389317.266885569,2314874.7944943723,2250669.4906919757,2202462.8032387183,2166797.7521831575,2110894.957215871,2074996.5648861306,2042721.8150139977,2008417.4548033262,1984273.8167137501,1966113.365931087
iron and steel 241,0.0,0.0,0.0,0.0,0.0,0.0,0.0,0.0,0.0,0.0,0.0,0.0,0.0,0.0,0.0,0.0,0.0,0.0,0.0,0.0,0.0,0.0,0.0,0.0,0.0,0.0,0.0,0.0,0.0,0.0,0.0,0.0,0.0,0.0,0.0,0.0
other metals 242,0.0,0.0,0.0,0.0,0.0,103043.59383306751,106186.86868686868,107670.15706806282,116954.3429844098,120859.6673043936,119523.60882491323,118986.0634339067,121586.6646752361,126005.21800088043,129625.31462760866,132687.2523898149,134440.96668214805,134719.86096294742,134644.05051219175,134979.1793702455,135803.25900453437,137083.9295894525,138465.20316024058,139543.97549472112,140343.53656305445,141738.64260667126,142796.76448636307,143627.40119264083,144983.9660894812,146419.21573932617,147131.6475766985,147368.68552507268,147558.00044441936,147912.0235216802,148286.7084483349,148246.46937378173
metal products except machinery and vehicles 25,0.0,0.0,0.0,0.0,0.0,0.0,0.0,0.0,0.0,0.0,0.0,0.0,0.0,0.0,0.0,0.0,0.0,0.0,0.0,0.0,0.0,0.0,0.0,0.0,0.0,0.0,0.0,0.0,0.0,0.0,0.0,0.0,0.0,0.0,0.0,0.0
computers and electronics 26,0.0,0.0,0.0,0.0,0.0,0.0,0.0,0.0,0.0,0.0,0.0,0.0,0.0,0.0,0.0,0.0,0.0,0.0,0.0,0.0,0.0,0.0,0.0,0.0,0.0,0.0,0.0,0.0,0.0,0.0,0.0,0.0,0.0,0.0,0.0,0.0
appliances and electrical equipment 27,0.0,0.0,0.0,0.0,0.0,0.0,0.0,0.0,0.0,0.0,0.0,0.0,0.0,0.0,0.0,0.0,0.0,0.0,0.0,0.0,0.0,0.0,0.0,0.0,0.0,0.0,0.0,0.0,0.0,0.0,0.0,0.0,0.0,0.0,0.0,0.0
other machinery 28,0.0,0.0,0.0,0.0,0.0,0.0,0.0,0.0,0.0,0.0,0.0,0.0,0.0,0.0,0.0,0.0,0.0,0.0,0.0,0.0,0.0,0.0,0.0,0.0,0.0,0.0,0.0,0.0,0.0,0.0,0.0,0.0,0.0,0.0,0.0,0.0
road vehicles 29,0.0,0.0,0.0,0.0,0.0,0.0,0.0,0.0,0.0,0.0,0.0,0.0,0.0,0.0,0.0,0.0,0.0,0.0,0.0,0.0,0.0,0.0,0.0,0.0,0.0,0.0,0.0,0.0,0.0,0.0,0.0,0.0,0.0,0.0,0.0,0.0
nonroad vehicles 30,0.0,0.0,0.0,0.0,0.0,0.0,0.0,0.0,0.0,0.0,0.0,0.0,0.0,0.0,0.0,0.0,0.0,0.0,0.0,0.0,0.0,0.0,0.0,0.0,0.0,0.0,0.0,0.0,0.0,0.0,0.0,0.0,0.0,0.0,0.0,0.0
other manufacturing 31T33,0.0,0.0,0.0,0.0,0.0,4235652.804032766,4271180.529300567,4643782.917026959,5048974.233282323,4966859.492574997,4832460.3306203345,4764247.970168364,4754458.262441827,4771517.473086894,4842728.851724856,4930304.090082831,5015454.731364245,5159674.362801424,5283141.955723259,5410526.508142374,5519568.117420874,5584932.107134485,5669021.490596678,5792250.31473818,5867380.328763006,5980849.317382154,6091690.063972669,6185469.737542123,6259447.578943079,6332184.329468723,6416912.146377365,6563056.353318146,6654328.80195606,6732924.555373296,6820456.763337001,6909772.284052778
energy pipelines and gas processing 352T353,0.0,0.0,0.0,0.0,0.0,146287.89323164918,145722.21163012393,168138.45644253065,183848.35164835167,211151.18391924966,215059.71264239104,216289.34042183877,230446.42479572826,248254.70070680892,251034.76496704103,255046.0313895905,252107.46067719517,246864.34004907313,238006.12704308273,232086.44112233087,229651.9587985169,229426.51435192412,229623.9541752447,226795.63636545418,227818.27577973378,226713.35377684716,224392.4444468872,224186.9732272785,225464.75604355763,226553.41183673358,227770.10282216282,228539.7059117404,227018.4611720317,226080.52044057255,227211.26960679982,229741.24932051674
water and waste 36T39,0.0,0.0,0.0,0.0,0.0,0.0,0.0,0.0,0.0,0.0,0.0,0.0,0.0,0.0,0.0,0.0,0.0,0.0,0.0,0.0,0.0,0.0,0.0,0.0,0.0,0.0,0.0,0.0,0.0,0.0,0.0,0.0,0.0,0.0,0.0,0.0
construction 41T43,0.0,0.0,0.0,0.0,0.0,0.0,0.0,0.0,0.0,0.0,0.0,0.0,0.0,0.0,0.0,0.0,0.0,0.0,0.0,0.0,0.0,0.0,0.0,0.0,0.0,0.0,0.0,0.0,0.0,0.0,0.0,0.0,0.0,0.0,0.0,0.0
