Pollutant:,PM10,Unit: grams,,,,,,,,,,,,,,,,,,,,,,,,,,,,,,,,,,
,2015.0,2016.0,2017.0,2018.0,2019.0,2020.0,2021.0,2022.0,2023.0,2024.0,2025.0,2026.0,2027.0,2028.0,2029.0,2030.0,2031.0,2032.0,2033.0,2034.0,2035.0,2036.0,2037.0,2038.0,2039.0,2040.0,2041.0,2042.0,2043.0,2044.0,2045.0,2046.0,2047.0,2048.0,2049.0,2050.0
agriculture and forestry 01T03,0.0,0.0,0.0,0.0,0.0,1200350.8771929825,1208561.403508772,1216842.105263158,1286824.1469816272,1313941.7739826934,1327839.0951024105,1338637.3476836924,1349200.5952299424,1358726.6826334714,1369227.5177092103,1379416.5458893108,1377015.220935797,1377887.166508126,1372033.665413673,1369418.9516334923,1366535.551910007,1365394.4521894983,1363880.543234302,1363904.2662427588,1363876.1147443703,1363864.3577306874,1363342.4956624068,1365277.9824781509,1366684.4538693333,1368683.9721479851,1372327.8212516697,1384050.3075579007,1395904.3454501715,1408136.3670550052,1418670.4988936735,1429501.3777811998
coal mining 05,0.0,0.0,0.0,0.0,0.0,0.0,0.0,0.0,0.0,0.0,0.0,0.0,0.0,0.0,0.0,0.0,0.0,0.0,0.0,0.0,0.0,0.0,0.0,0.0,0.0,0.0,0.0,0.0,0.0,0.0,0.0,0.0,0.0,0.0,0.0,0.0
oil and gas extraction 06,0.0,0.0,0.0,0.0,0.0,0.0,0.0,0.0,0.0,0.0,0.0,0.0,0.0,0.0,0.0,0.0,0.0,0.0,0.0,0.0,0.0,0.0,0.0,0.0,0.0,0.0,0.0,0.0,0.0,0.0,0.0,0.0,0.0,0.0,0.0,0.0
other mining and quarrying 07T08,0.0,0.0,0.0,0.0,0.0,0.0,0.0,0.0,0.0,0.0,0.0,0.0,0.0,0.0,0.0,0.0,0.0,0.0,0.0,0.0,0.0,0.0,0.0,0.0,0.0,0.0,0.0,0.0,0.0,0.0,0.0,0.0,0.0,0.0,0.0,0.0
food beverage and tobacco 10T12,0.0,0.0,0.0,0.0,0.0,0.0,0.0,0.0,0.0,0.0,0.0,0.0,0.0,0.0,0.0,0.0,0.0,0.0,0.0,0.0,0.0,0.0,0.0,0.0,0.0,0.0,0.0,0.0,0.0,0.0,0.0,0.0,0.0,0.0,0.0,0.0
textiles apparel and leather 13T15,0.0,0.0,0.0,0.0,0.0,0.0,0.0,0.0,0.0,0.0,0.0,0.0,0.0,0.0,0.0,0.0,0.0,0.0,0.0,0.0,0.0,0.0,0.0,0.0,0.0,0.0,0.0,0.0,0.0,0.0,0.0,0.0,0.0,0.0,0.0,0.0
wood products 16,0.0,0.0,0.0,0.0,0.0,0.0,0.0,0.0,0.0,0.0,0.0,0.0,0.0,0.0,0.0,0.0,0.0,0.0,0.0,0.0,0.0,0.0,0.0,0.0,0.0,0.0,0.0,0.0,0.0,0.0,0.0,0.0,0.0,0.0,0.0,0.0
pulp paper and printing 17T18,0.0,0.0,0.0,0.0,0.0,535598299.75256276,543308062.9197596,575624858.9593112,596496795.7051915,590489762.3362772,589985794.5776372,592260259.0939301,591795328.4519961,594266552.7937621,598326768.8345486,601399629.2256767,607401632.2372085,613199941.7244155,616693916.9505196,621151972.3005514,625463766.4322294,626698086.6216613,629086829.0613265,635141261.9893292,635485705.554503,641282857.0983492,649386587.6791257,655584523.9059556,660238718.1001432,662746259.7373445,664848601.3117106,667156544.7906117,667040026.6112585,668010444.4079126,669842954.082554,672052042.8897786
refined petroleum and coke 19,0.0,0.0,0.0,0.0,0.0,15487936.835640911,15532287.025457794,15580319.03060085,14411926.469243083,18856754.921638,19816984.313602075,20938928.438957404,21803607.32114706,21660730.7731135,21205261.598811753,21085362.526823655,20787686.078374956,21318422.146182105,21438836.945855927,21402810.17242005,21780830.191167783,21817588.792552017,22069629.378046837,21827190.697505604,21843815.067883838,21882251.159941673,21662936.488630947,21860798.875170317,21770377.873035803,21914228.57234192,21983010.45550068,23597735.167475257,23586645.05572604,22581098.16103463,21967107.927643996,22190058.328690175
chemicals 20,0.0,0.0,0.0,0.0,0.0,4077014.1339575085,3844459.4890812933,3641016.086284864,3958891.3363165795,4308990.713496049,3942009.204958301,3683670.0798870297,3789224.0026032585,3910936.3697903063,4035944.936217964,4153964.27848018,4238894.019789949,4323757.894985416,4432907.468558246,4519842.609560479,4598051.281990248,4701935.410195295,4801839.260248207,4884503.0466946345,4939673.512468784,5008892.456007662,5084711.455061853,5230794.2610625485,5372517.810829972,5481306.983312971,5601998.414752322,5661188.32578693,5680456.875766279,5700457.32336999,5780875.2778617395,5883264.89857162
rubber and plastic products 22,0.0,0.0,0.0,0.0,0.0,0.0,0.0,0.0,0.0,0.0,0.0,0.0,0.0,0.0,0.0,0.0,0.0,0.0,0.0,0.0,0.0,0.0,0.0,0.0,0.0,0.0,0.0,0.0,0.0,0.0,0.0,0.0,0.0,0.0,0.0,0.0
glass and glass products 231,0.0,0.0,0.0,0.0,0.0,0.0,0.0,0.0,0.0,0.0,0.0,0.0,0.0,0.0,0.0,0.0,0.0,0.0,0.0,0.0,0.0,0.0,0.0,0.0,0.0,0.0,0.0,0.0,0.0,0.0,0.0,0.0,0.0,0.0,0.0,0.0
cement and other nonmetallic minerals 239,0.0,0.0,0.0,0.0,0.0,236163723.78572205,247135062.4796262,235650120.03968254,245655614.017769,279489023.47301906,254362778.50451866,235483008.79316685,223784649.2137744,214249241.9427441,211370610.4244401,208109397.59174994,205199856.42150527,202583098.7791797,168068644.58601773,161637953.35643965,154499944.886623,147684225.77526823,143446442.44483587,139857203.72317034,134051179.31022863,130318831.82520644,126258569.0151333,122756664.80823945,120127361.75077645,118182108.24469632,115133041.87043579,113175061.39724703,111414722.67660923,109543684.36322819,108226835.08772558,107236322.5408085
iron and steel 241,0.0,0.0,0.0,0.0,0.0,0.0,0.0,0.0,0.0,0.0,0.0,0.0,0.0,0.0,0.0,0.0,0.0,0.0,0.0,0.0,0.0,0.0,0.0,0.0,0.0,0.0,0.0,0.0,0.0,0.0,0.0,0.0,0.0,0.0,0.0,0.0
other metals 242,0.0,0.0,0.0,0.0,0.0,9581405.52897395,9873679.797979798,10011601.884816753,10874882.62806236,11238015.304631736,11113783.242975734,11063800.122338379,11305614.42816215,11716469.19059386,12053080.25533357,12337791.47621455,12500858.845972853,12526791.551778704,12519742.392825644,12550904.014562901,12627530.235277629,12746612.10894565,12875048.450651811,12975357.017401146,13049703.403779058,13179425.94413872,13277814.348999994,13355050.272496518,13481189.102864327,13614644.356305502,13680889.11827173,13702929.85486336,13720533.113323882,13753451.595139913,13788291.298359975,13784549.708251718
metal products except machinery and vehicles 25,0.0,0.0,0.0,0.0,0.0,0.0,0.0,0.0,0.0,0.0,0.0,0.0,0.0,0.0,0.0,0.0,0.0,0.0,0.0,0.0,0.0,0.0,0.0,0.0,0.0,0.0,0.0,0.0,0.0,0.0,0.0,0.0,0.0,0.0,0.0,0.0
computers and electronics 26,0.0,0.0,0.0,0.0,0.0,0.0,0.0,0.0,0.0,0.0,0.0,0.0,0.0,0.0,0.0,0.0,0.0,0.0,0.0,0.0,0.0,0.0,0.0,0.0,0.0,0.0,0.0,0.0,0.0,0.0,0.0,0.0,0.0,0.0,0.0,0.0
appliances and electrical equipment 27,0.0,0.0,0.0,0.0,0.0,0.0,0.0,0.0,0.0,0.0,0.0,0.0,0.0,0.0,0.0,0.0,0.0,0.0,0.0,0.0,0.0,0.0,0.0,0.0,0.0,0.0,0.0,0.0,0.0,0.0,0.0,0.0,0.0,0.0,0.0,0.0
other machinery 28,0.0,0.0,0.0,0.0,0.0,0.0,0.0,0.0,0.0,0.0,0.0,0.0,0.0,0.0,0.0,0.0,0.0,0.0,0.0,0.0,0.0,0.0,0.0,0.0,0.0,0.0,0.0,0.0,0.0,0.0,0.0,0.0,0.0,0.0,0.0,0.0
road vehicles 29,0.0,0.0,0.0,0.0,0.0,0.0,0.0,0.0,0.0,0.0,0.0,0.0,0.0,0.0,0.0,0.0,0.0,0.0,0.0,0.0,0.0,0.0,0.0,0.0,0.0,0.0,0.0,0.0,0.0,0.0,0.0,0.0,0.0,0.0,0.0,0.0
nonroad vehicles 30,0.0,0.0,0.0,0.0,0.0,0.0,0.0,0.0,0.0,0.0,0.0,0.0,0.0,0.0,0.0,0.0,0.0,0.0,0.0,0.0,0.0,0.0,0.0,0.0,0.0,0.0,0.0,0.0,0.0,0.0,0.0,0.0,0.0,0.0,0.0,0.0
other manufacturing 31T33,0.0,0.0,0.0,0.0,0.0,420036164.4612476,423559335.5387524,460509124.6387198,500690653.72695494,492547597.07708126,479219661.312258,472455259.32307386,471484445.2656193,473176152.7165388,480237957.7635926,488922514.5305308,497366631.7469391,511668432.1143373,523912319.0818371,536544638.41613054,547357946.6467803,553839884.8044713,562178760.4714622,574398969.5013868,581849373.1078539,593101730.4114327,604093453.3448079,613393284.1413822,620729430.4675394,627942501.7742988,636344688.8477055,650837343.222774,659888540.5282642,667682630.4444363,676362920.0245676,685220055.0363406
energy pipelines and gas processing 352T353,0.0,0.0,0.0,0.0,0.0,38583961.868446134,38434761.29647283,44347127.08402341,48490668.864468865,55691889.79922354,56722778.411288016,57047097.19329049,60781079.4906878,65478076.784974135,66211328.80630694,67269314.85882838,66494256.186438754,65111364.1239577,62774978.34865306,61213639.73891737,60571536.2054233,60512074.41580678,60564149.884569235,59818170.81470871,60087895.6654402,59796468.48383832,59184320.23896959,59130126.46033682,59467146.307778336,59754283.21763356,60075189.8733412,60278175.476634264,59876941.66477977,59629556.39852147,59927795.58803116,60595086.90411716
water and waste 36T39,0.0,0.0,0.0,0.0,0.0,0.0,0.0,0.0,0.0,0.0,0.0,0.0,0.0,0.0,0.0,0.0,0.0,0.0,0.0,0.0,0.0,0.0,0.0,0.0,0.0,0.0,0.0,0.0,0.0,0.0,0.0,0.0,0.0,0.0,0.0,0.0
construction 41T43,0.0,0.0,0.0,0.0,0.0,0.0,0.0,0.0,0.0,0.0,0.0,0.0,0.0,0.0,0.0,0.0,0.0,0.0,0.0,0.0,0.0,0.0,0.0,0.0,0.0,0.0,0.0,0.0,0.0,0.0,0.0,0.0,0.0,0.0,0.0,0.0
