Unit: incidents / ton pollutant,2024.0,2025.0,2026.0,2027.0,2028.0,2029.0,2030.0,2031.0,2032.0,2033.0,2034.0,2035.0,2036.0,2037.0,2038.0,2039.0,2040.0,2041.0,2042.0,2043.0,2044.0,2045.0,2046.0,2047.0,2048.0,2049.0,2050.0
Premature mortality,0.00034164,0.000346665,0.00035169,0.000356715,0.00036174,0.000370762,0.000379784,0.000385614,0.000391445,0.000397275,0.000403106,0.000408936,0.000413256,0.000417576,0.000421896,0.000426216,0.000430536,0.000432501,0.000434465,0.000436429,0.000438393,0.000440357,0.000440426,0.000440495,0.000440564,0.000440634,0.000440703
Infant mortality,5.93966e-07,5.88324e-07,5.82682e-07,5.7704e-07,5.71398e-07,3.79258e-07,1.87119e-07,1.85797e-07,1.84475e-07,1.83153e-07,1.81831e-07,1.80509e-07,1.79633e-07,1.78757e-07,1.77881e-07,1.77005e-07,1.76129e-07,1.75075e-07,1.74022e-07,1.72968e-07,1.71914e-07,1.70861e-07,1.69746e-07,1.68631e-07,1.67516e-07,1.66401e-07,1.65286e-07
Asthma symptoms albuturol use,0.531943,0.537127,0.54231,0.547494,0.552677,0.558675,0.564672,0.568806,0.57294,0.577074,0.581208,0.585342,0.586775,0.588208,0.589641,0.591074,0.592507,0.594386,0.596265,0.598144,0.600023,0.601902,0.604017,0.606133,0.608248,0.610363,0.612479
Asthma symptoms chest tightness,0.875378,0.887358,0.899338,0.911318,0.923297,0.932872,0.942446,0.945759,0.949072,0.952386,0.955699,0.959012,0.962843,0.966675,0.970506,0.974337,0.978168,0.983172,0.988176,0.993179,0.998183,1.00319,1.00784,1.01248,1.01713,1.02178,1.02643
Asthma symptoms cough,0.000602923,0.000611174,0.000619425,0.000627676,0.000635928,0.000642522,0.000649116,0.000651398,0.00065368,0.000655962,0.000658244,0.000660526,0.000663165,0.000665804,0.000668443,0.000671082,0.00067372,0.000677167,0.000680613,0.000684059,0.000687506,0.000690952,0.000694154,0.000697356,0.000700558,0.00070376,0.000706962
Asthma symptoms shortness of breath,0.000811923,0.000823034,0.000834145,0.000845257,0.000856368,0.000865248,0.000874128,0.000877201,0.000880275,0.000883348,0.000886421,0.000889494,0.000893047,0.000896601,0.000900154,0.000903708,0.000907261,0.000911902,0.000916543,0.000921184,0.000925825,0.000930466,0.000934778,0.00093909,0.000943402,0.000947715,0.000952027
Asthma symptoms wheeze,0.00124048,0.00125746,0.00127444,0.00129141,0.00130839,0.00132196,0.00133552,0.00134022,0.00134491,0.00134961,0.0013543,0.001359,0.00136443,0.00136986,0.00137529,0.00138072,0.00138614,0.00139324,0.00140033,0.00140742,0.00141451,0.0014216,0.00142819,0.00143477,0.00144136,0.00144795,0.00145454
Asthma incidence,0.0236677,0.0238174,0.0239672,0.0241169,0.0242666,0.0244143,0.0245621,0.0246943,0.0248264,0.0249586,0.0250908,0.0252229,0.0253433,0.0254636,0.025584,0.0257044,0.0258247,0.0259359,0.0260471,0.0261583,0.0262695,0.0263806,0.0264831,0.0265856,0.026688,0.0267905,0.026893
Hay fever rhinitis incidence,0.15206,0.153494,0.154928,0.156363,0.157797,0.159373,0.16095,0.162169,0.163388,0.164607,0.165826,0.167045,0.167696,0.168346,0.168997,0.169648,0.170299,0.171039,0.171779,0.172519,0.173259,0.173999,0.174763,0.175528,0.176292,0.177056,0.17782
Respiratory emergency room visits,0.00914827,0.00923795,0.00932763,0.00941732,0.009507,0.00959978,0.00969256,0.0097801,0.00986764,0.00995519,0.0100427,0.0101303,0.0102047,0.0102792,0.0103537,0.0104281,0.0105026,0.0105667,0.0106308,0.0106949,0.010759,0.0108231,0.0108829,0.0109427,0.0110024,0.0110622,0.011122
Respiratory hospital admissions,3.7105e-05,3.80321e-05,3.89591e-05,3.98862e-05,4.08132e-05,4.16995e-05,4.25858e-05,4.33387e-05,4.40915e-05,4.48444e-05,4.55973e-05,4.63502e-05,4.68535e-05,4.73568e-05,4.78601e-05,4.83633e-05,4.88666e-05,4.91365e-05,4.94063e-05,4.96762e-05,4.9946e-05,5.02159e-05,5.04006e-05,5.05853e-05,5.07701e-05,5.09548e-05,5.11395e-05
Non-fatal heart attacks,0.000303704,0.000312392,0.00032108,0.000329769,0.000338457,0.000346578,0.000354699,0.000361106,0.000367513,0.00037392,0.000380327,0.000386733,0.000390589,0.000394445,0.000398301,0.000402157,0.000406013,0.000407765,0.000409517,0.000411269,0.000413022,0.000414774,0.000415946,0.000417118,0.00041829,0.000419462,0.000420634
Minor restricted activity days,0.0841203,0.0842508,0.0843814,0.0845119,0.0846424,0.0848769,0.0851114,0.0855687,0.0860259,0.0864831,0.0869403,0.0873975,0.0880516,0.0887057,0.0893599,0.090014,0.0906681,0.091322,0.0919759,0.0926298,0.0932837,0.0939376,0.0944907,0.0950437,0.0955968,0.0961498,0.0967028
Work loss days,0.0140496,0.0140811,0.0141126,0.0141441,0.0141756,0.0142215,0.0142673,0.0143415,0.0144157,0.0144899,0.0145641,0.0146383,0.0147349,0.0148314,0.0149279,0.0150244,0.015121,0.0152285,0.0153361,0.0154437,0.0155512,0.0156588,0.0157522,0.0158456,0.015939,0.0160324,0.0161257
Lung cancer incidence,8.07267e-05,8.22531e-05,8.37796e-05,8.5306e-05,8.68325e-05,8.84608e-05,9.00891e-05,9.18236e-05,9.35582e-05,9.52927e-05,9.70273e-05,9.87618e-05,0.00010018,0.000101599,0.000103017,0.000104435,0.000105854,0.000106476,0.000107098,0.000107721,0.000108343,0.000108965,0.000109187,0.000109409,0.00010963,0.000109852,0.000110073
Cardiovascular hospital admissions,3.82185e-05,3.93421e-05,4.04657e-05,4.15894e-05,4.2713e-05,4.37804e-05,4.48478e-05,4.5746e-05,4.66441e-05,4.75422e-05,4.84404e-05,4.93385e-05,4.99003e-05,5.04621e-05,5.10239e-05,5.15857e-05,5.21476e-05,5.24043e-05,5.2661e-05,5.29177e-05,5.31744e-05,5.34311e-05,5.35742e-05,5.37173e-05,5.38604e-05,5.40034e-05,5.41465e-05
Alzheimers disease hospital admissions,0.000582076,0.000600895,0.000619714,0.000638534,0.000657353,0.000677249,0.000697146,0.00071687,0.000736595,0.000756319,0.000776043,0.000795768,0.000809436,0.000823104,0.000836773,0.000850441,0.000864109,0.000870009,0.000875908,0.000881808,0.000887708,0.000893607,0.000894582,0.000895556,0.000896531,0.000897506,0.00089848
Parkinsons disease hospital admissions,7.71308e-05,7.91114e-05,8.10919e-05,8.30724e-05,8.5053e-05,8.66822e-05,8.83113e-05,8.93394e-05,9.03674e-05,9.13955e-05,9.24235e-05,9.34516e-05,9.38859e-05,9.43202e-05,9.47546e-05,9.51889e-05,9.56232e-05,9.58279e-05,9.60327e-05,9.62374e-05,9.64421e-05,9.66468e-05,9.69917e-05,9.73366e-05,9.76815e-05,9.80264e-05,9.83713e-05
Stroke incidence,6.95199e-05,7.13209e-05,7.31218e-05,7.49227e-05,7.67237e-05,7.81852e-05,7.96467e-05,8.05059e-05,8.1365e-05,8.22242e-05,8.30833e-05,8.39425e-05,8.42789e-05,8.46154e-05,8.49518e-05,8.52882e-05,8.56247e-05,8.57615e-05,8.58984e-05,8.60353e-05,8.61721e-05,8.6309e-05,8.66274e-05,8.69458e-05,8.72641e-05,8.75825e-05,8.79009e-05
Out of hospital cardiac arrest incidence,1.63657e-05,1.65979e-05,1.683e-05,1.70622e-05,1.72943e-05,1.75088e-05,1.77232e-05,1.78886e-05,1.8054e-05,1.82193e-05,1.83847e-05,1.85501e-05,1.86551e-05,1.87602e-05,1.88652e-05,1.89703e-05,1.90753e-05,1.91545e-05,1.92336e-05,1.93127e-05,1.93919e-05,1.9471e-05,1.95592e-05,1.96473e-05,1.97355e-05,1.98237e-05,1.99118e-05
Cardiac emergency room visits,0.000349756,0.000355937,0.000362119,0.000368301,0.000374483,0.000380502,0.000386522,0.000392271,0.000398019,0.000403768,0.000409516,0.000415265,0.000419693,0.000424121,0.000428549,0.000432977,0.000437406,0.00044024,0.000443075,0.000445909,0.000448744,0.000451578,0.000453529,0.000455479,0.000457429,0.00045938,0.00046133
School loss days,1.97029,1.99103,2.01176,2.0325,2.05323,2.07639,2.09955,2.11689,2.13423,2.15157,2.16892,2.18626,2.19456,2.20286,2.21116,2.21946,2.22776,2.2378,2.24784,2.25787,2.26791,2.27795,2.28857,2.29918,2.3098,2.32042,2.33104
,,,,,,,,,,,,,,,,,,,,,,,,,,,
Data for lookup functions (based on sheet name),,,,,,,,,,,,,,,,,,,,,,,,,,,
sector pollutant,buildings NO2,,,,,,,,,,,,,,,,,,,,,,,,,,
